question,answer
What is the recommended rest time between sets for hypertrophy?,The recommended rest time between sets for hypertrophy is typically 60-90 seconds.
What are the benefits of a proper warm-up before exercising?,A proper warm-up increases blood flow enhances muscle elasticity and reduces the risk of injury.
How does periodized nutrition benefit athletes?,Periodized nutrition helps athletes optimize their energy levels and performance by aligning dietary intake with training cycles.
What is high-intensity interval training (HIIT)?,HIIT is a form of cardiovascular exercise alternating short periods of intense anaerobic exercise with less intense recovery periods.
What factors should be considered when creating a workout plan?,Factors include fitness goals current fitness level available time and personal preferences.
How can one determine their body type for training purposes?,Body types can be categorized as ectomorph mesomorph or endomorph each requiring tailored training and nutrition strategies.
What is the role of protein in muscle growth?,Protein provides essential amino acids necessary for muscle repair and growth after exercise.
What are the common techniques for muscle hypertrophy?,Common techniques include progressive overload varied rep ranges and adequate recovery.
What is the significance of rest time in resistance training?,Rest time allows for muscle recovery and replenishment of energy stores impacting performance and gains.
What is the importance of healthy eating patterns for athletes?,Healthy eating patterns ensure athletes get the necessary nutrients for energy recovery and overall health.
What are some advanced techniques in weight training?,Advanced techniques include drop sets supersets and negative repetitions to increase intensity and muscle engagement.
How does one create a balanced nutritional plan for prolonged exercise?,A balanced plan includes a mix of carbohydrates proteins and fats tailored to the duration and intensity of the exercise.
What are the differences between various diet plans?,Diet plans differ in macronutrient distribution caloric intake and food choices based on goals like weight loss muscle gain or maintenance.
What are some key considerations in resistance training?,Key considerations include exercise selection volume intensity and progression to continually challenge the muscles.
What is the function of rest intervals during workouts?,Rest intervals allow muscles to recover preventing fatigue and maintaining performance during subsequent sets.
How can one plan workouts for different muscle groups?,Workouts can be planned using split routines focusing on different muscle groups on different days to allow adequate recovery.
What are the benefits of training specific to body types?,Training specific to body types can optimize muscle gain fat loss and overall fitness based on individual genetic predispositions.
What nutritional strategies support muscle hypertrophy?,Nutritional strategies include consuming sufficient protein caloric surplus and timing nutrient intake around workouts.
What is the impact of rest periods on muscle recovery?,Rest periods help reduce muscle soreness replenish energy stores and repair muscle fibers crucial for growth and strength gains.
How do different training plans affect muscle development?,Different training plans such as strength hypertrophy and endurance training affect muscle size strength and endurance differently.
What is the role of carbohydrates in an athlete's diet?,Carbohydrates provide the primary source of energy for athletes especially during high-intensity and endurance activities.
How does body type influence nutrition and training?,Body type influences metabolic rate and how the body responds to training and nutrition necessitating customized plans.
What are some examples of advanced training techniques?,Examples include pyramid sets forced reps and time under tension to increase workout intensity and effectiveness.
Why is it important to have a structured training plan?,A structured training plan helps in systematically progressing towards fitness goals and avoiding overtraining or injury.
What is the significance of hydration in an athlete's performance?,Hydration is crucial for maintaining optimal performance as it affects muscle function temperature regulation and energy levels.
How can one optimize their recovery post-exercise?,Optimizing recovery includes proper nutrition adequate sleep hydration and active recovery techniques like stretching.
What is the benefit of using a variety of exercises in a workout plan?,Variety prevents plateaus reduces the risk of overuse injuries and ensures balanced development of all muscle groups.
How does high-intensity interval training (HIIT) compare to steady-state cardio?,HIIT burns more calories in less time improves anaerobic and aerobic fitness but steady-state cardio is less intense and easier to sustain.
What are the dietary considerations for athletes engaged in prolonged exercise?,Dietary considerations include maintaining glycogen stores electrolyte balance and adequate protein intake for recovery.
How does training frequency affect muscle growth?,Training frequency affects muscle growth by influencing the balance between exercise-induced muscle damage and recovery time.
What are the key components of a successful hypertrophy program?,Key components include progressive overload adequate volume proper nutrition and sufficient rest.
Why is it important to vary the intensity of workouts?,Varying intensity helps in targeting different muscle fibers preventing adaptation and reducing the risk of injury.
What are some common mistakes to avoid in weight training?,Common mistakes include poor form inadequate warm-up overtraining and not allowing enough recovery time.
How can one track progress effectively in their fitness journey?,Tracking progress can be done through regular assessments keeping a workout journal and monitoring changes in strength and physique.
What is the role of fats in an athlete's diet?,Fats provide a dense source of energy are essential for hormone production and help in the absorption of fat-soluble vitamins.
What are some strategies to increase workout intensity?,Strategies include increasing weight reducing rest intervals using advanced techniques like supersets and varying exercises.
How does one's fitness level influence their training plan?,Fitness level determines the intensity volume and complexity of exercises that can be safely performed and progressed.
What is the importance of protein timing for muscle recovery?,Protein timing especially consuming protein post-workout aids in muscle repair growth and recovery.
What are the benefits of warming up before a workout?,Warming up prepares the body for exercise by increasing blood flow improving flexibility and reducing the risk of injury.
How does sleep impact athletic performance and recovery?,Sleep is critical for recovery muscle repair hormone regulation and overall athletic performance.
What is the effect of overtraining on the body?,Overtraining can lead to fatigue decreased performance increased injury risk and can negatively affect mental health.
Why is it important to have rest days in a training program?,Rest days allow the body to recover repair muscle tissues and prevent overuse injuries ensuring long-term progress.
How does resistance training benefit overall health?,Resistance training improves muscle strength bone density metabolic rate and can help in weight management and overall health.
What are some effective ways to prevent workout injuries?,Effective ways include proper warm-up using correct form gradual progression and listening to your body to avoid overtraining.
How can one maintain motivation in their fitness journey?,Maintaining motivation can be achieved by setting clear goals tracking progress varying routines and having a workout partner.
What are the benefits of periodization in training?,Periodization helps in systematically varying training intensity and volume preventing plateaus and optimizing performance.
How can supplements support athletic performance?,Supplements can provide essential nutrients that might be lacking in the diet enhance performance recovery and overall health.
What is the role of micronutrients in an athlete's diet?,Micronutrients are vital for energy production immune function bone health and overall metabolic processes.
How does muscle hypertrophy differ from muscle strength?,Muscle hypertrophy focuses on increasing muscle size while muscle strength focuses on increasing the amount of force a muscle can produce.
What is the role of hydration in muscle performance?,Proper hydration ensures muscle function and prevents cramps and fatigue.
